invoice_id,customer,invoice_date,due_date,original_amount,open_balance
SI-6407,Brackenhurst Leisure Partners,2025-09-23,2025-10-23,3021.00,3021.00
SI-6401,Larkmead Venue Management,2025-10-08,2025-11-22,3604.00,3604.00
SI-6436,Hollowbrook Estates Group,2025-10-15,2025-11-14,3233.00,3233.00
SI-6426,Brackenhurst Leisure Partners,2025-10-27,2025-11-26,4134.00,2756.00
SI-6403,Larkmead Venue Management,2025-11-10,2025-12-25,3445.00,3445.00
SI-6453,Hollowbrook Estates Group,2025-11-20,2025-12-20,1696.00,1696.00
SI-6451,Brackenhurst Leisure Partners,2025-11-26,2025-12-26,2597.00,2597.00
SI-6431,Larkmead Venue Management,2025-12-08,2026-01-22,3657.00,3657.00
SI-6421,Larkmead Venue Management,2025-12-15,2026-01-29,2385.00,2385.00
